First Name,Last Name,Email
Daphne,Forrer,Daphne.Forrer@samplemail.com
Cathie,Darbie,Cathie.Darbie@samplemail.com
Emylee,Garek,Emylee.Garek@samplemail.com
Margette,Melleta,Margette.Melleta@samplemail.com
Ardeen,Papageno,Ardeen.Papageno@samplemail.com
Edith,Jagir,Edith.Jagir@samplemail.com
Tressa,Rebecka,Tressa.Rebecka@samplemail.com
Brietta,McAdams,Brietta.McAdams@samplemail.com
Elvira,Egbert,Elvira.Egbert@samplemail.com
Merci,Kenney,Merci.Kenney@samplemail.com